"","Name","Price","Opinions","Product Weight","Product Dimensions","Volume","Power"
"1","AmazonBasics - Aspiradora cilíndrica sin bolsa, 2,5  L, 700 W [clase energética A]","69,99 €","312 opiniones de clientes","6 Kg","45,3 x 33 x 27,4 cm","2.5 litros","700 vatios"
"2","AmazonBasics - Aspiradora de suelo con bolsa, 1,5L, clasificación energética A, motor de alta eficiencia","49,99 €","39 opiniones de clientes","3,49 Kg","35,3 x 21,6 x 26,4 cm","3 litros","700 vatios"
"3","Rowenta Compact Power Cyclonic RO3753EA Aspirador sin Bolsa, Sistema Ciclónico sin Bolsa, Depósito 1.5 L, Cepillo Parquet y Boquilla 2 en 1 para Ranuras, 79 dB, Fácil de Limpiar","80,90 €","2,034 opiniones de clientes","6 Kg","27,5 x 40,9 x 29 cm","1.5 litros","750 vatios"
"4","Aspiradoras Hogar Escoba, Hikeren Aspiradora de Mano Sin Cable 12000 pa, Aspiradoras Vertical con Batería de 2500mAh, 2 Velocidades, Luz LED, 2 Filtros Lavable, 2 Cepillos","89,98 €","241 opiniones de clientes","3,12 Kg","-1","0.6 litros","120 vatios"
"5","Kärcher Aspiradores multiuso WD 3 (1.629-800.0)","68,00 €","1,338 opiniones de clientes","5,8 Kg","34 x 38,8 x 50,3 cm","17 litros","1000 vatios"
"6","Rowenta RO2727EA City Space Cyclonic Aspirador sin Bolsa, Tecnología ciclónica, Compacto, 78 dB, 750  W, Marfil y azul","59,99 €","272 opiniones de clientes","4,95 Kg","47 x 28,5 x 30 cm","1.2 litros","750 vatios"
"7","Holife Aspiradora Escoba de 15Kpa, Aspirador Vertical 2 en 1, 800ml, con 2 Filtros HEPA Lavables y 3 Cepillos, Vertical y Portátil Ajustable [Clase de eficiencia energética A+]","43,99 €","59 opiniones de clientes","2,18 Kg","-1","0.8 litros","-1"
"8","Cecotec Aspirador Ciclónico Vertical Conga Duostick Easy. Aspirador Ciclónico Vertical 2 en 1 (Escoba y de Mano Sin Bolsas, Filtro HEPA) Color negro y verde, 800 W","26,39 €","2,688 opiniones de clientes","2,1 Kg","25 x 65 x 14 cm","1 litros","800 vatios"
"9","SAMBA ¡Aspirador 2en1! Vertical y de Mano Sin Cable Aspira Pro 21,6V, 8500Pa, Silencioso 68dB, Autonomía hasta 40min, Filtro HEPA, Capacidad 0’8L, Cepillo Motorizado, Luz LED, Estación Carga, 2200mAh",NA,"364 opiniones de clientes","3,6 Kg","-1","0.8 litros","150 kW"
"10","Cecotec Aspirador de Sólidos y Líquidos Conga Wet&Dry. Filtro HEPA y Filtro de Agua, Regulador de Potencia, Función Sopladora, Capacidad 15 l, 1400W","63,02 €","684 opiniones de clientes","6 Kg","40 x 40 x 52 cm","15 litros","1400 vatios"
"11","Robot Aspirador de Alto Rendimiento, Especial Mascotas, Todo Tipo De Suelos, Autonomía Hasta 90 Min, Sensor De Obstaculos, Mando A Distancia Incluido, Tecnología Silenciosa 70 dB. H.Koenig_SWR28","179,90 €","35 opiniones de clientes","3,2 Kg","32 x 32 x 8,7 cm","0.4 litros","24 vatios"
"12","TACKLIFE Aspirador Inalámbrico, VCST01A Aspiradora Sin Cable, Función 2 en 1 y Batería de 2200 mAh con Accesorios, 1,35 kg para Limpiar la Casa, el Hotel o el Coche, etc.","89,99 €","35 opiniones de clientes","3,68 Kg","-1","-1","-1"
"13","MLITER Aspirador Escoba con Cable 2 en 1, Aspiradora Gran Succión 14KPa, Aspirador de Mano 12 Accesorios, Aspiradora Hogar Ligera Pelo Mascota, Depósito 800ml, Azul y Blanco","42,99 €","66 opiniones de clientes","2,38 Kg","23,8 x 20,2 x 104,8 cm","0.8 litros","400 vatios"
"14","Aspiradora de Mano, Hikeren Aspirador Mano Sin Cable Potente, 5000PA, Aspiradoras en Seco y Húmedo, Batería de 2400mAh, Filtro de Acero Inoxidable, Accesorio Completo para Hogar y Coche","39,98 €","267 opiniones de clientes","939 g","-1","0.3 litros","100 vatios"
"15","Aspiradoras Escoba, HIKEREN Aspiradora Escoba Hogar, 12000 pa, Aspirador Mano Sin Cable, con Estación de Carga y 4 X Luces LED, 2 Velocidades, Batería de 2500mAh, Lavable Filtro HEPA, 2 Cepillos","84,99 €","470 opiniones de clientes","3,14 Kg","120 x 24 x 12 cm","0.6 litros","-1"
"16","Bosch BGC05AAA2 GS05 Cleann'n Aspirador sin Bolsa, Diseño Ultra-Compacto, Filtro Hepa H12 Lavable, Cepillo Especial Suelos Delicados, 700 W, 1.5 Litros, 78 Decibeles, Rojo y Negro","90,00 €","203 opiniones de clientes","4,4 Kg","31,4 x 26,8 x 38,1 cm","1.5 litros","700 vatios"
"17","Aspiradora de Mano Sin Cable, HIKEREN Aspirador Mano Potente, 6000PA, Aspiradora Sin Cable con Filtro de Acero Inoxidable, Luz LED, Batería de 2600mAh, Tecnología Ciclónica, 3 Boquillas","46,96 €","514 opiniones de clientes","980 g","35 x 10 x 12 cm","-1","100 vatios"
"18","proscenic P8 PLUS Aspirador sin cable Potente 15000Pa, de mano 2 en 1 con Varios Accesorios,batería Recargable Ion-Litio",NA,"333 opiniones de clientes","3,42 Kg","71 x 32 x 16 cm","-1","180 vatios"
"19","TACKLIFE Aspirador Húmedo y Seco, 18.9L Aspiradora Hogar 1000W, Función Sopladora, HEPA Filtro, 2 * 0.4m Tubo de Extensión, 3 Boquillas, Tecnología de Boya Segura, PVC01A",NA,"39 opiniones de clientes","6,5 Kg","-1","18.9 litros","-1"
"20","Polti Forzaspira C110_Plus Aspirador cicónico sin Bolsa, 2 litros Capacidad depósito de Recogida, 800 W, 80 Decibelios, Rojo","61,99 €","336 opiniones de clientes","5,2 Kg","28 x 32 x 38 cm","2 litros","800 vatios"
"21","Hoover Sprint EVO SE61 Aspirador trineo sin bolsa con filtro EPA, ideal parquet y mascotas, 700W, nivel de ruido 80dBA, color azul","87,00 €","369 opiniones de clientes","4,1 Kg","26,5 x 27,5 x 38,5 cm","1.5 litros","700 vatios"
"22","Hoover H-Free 200 HF222UPT-Aspiradora escoba y de mano sin cable,ciclónico,especial mascotas, ion litio 22V,autonomía 40mins, 0,7L, cepillo motorizado LED, accesorio pelo mascota, tapicería y rincones","143,20 €","12 opiniones de clientes","2,3 Kg","25,2 x 23,3 x 115,5 cm","0.7 litros","22 vatios"
"23","TACKLIFE Aspirador Húmedo y Seco, 18.9L Aspiradora Hogar 1000W, Función Sopladora, HEPA Filtro, 2 * 0.4m Tubo de Extensión, 3 Boquillas, Tecnología de Boya Segura, PVC01A",NA,"39 opiniones de clientes","6,5 Kg","-1","18.9 litros","-1"
"24","Aspiradora de Mano Sin Cable, HIKEREN Aspirador Mano Potente, 6000PA, Aspiradora Sin Cable con Filtro de Acero Inoxidable, Luz LED, Batería de 2600mAh, Tecnología Ciclónica, 3 Boquillas","46,96 €","514 opiniones de clientes","980 g","35 x 10 x 12 cm","-1","100 vatios"
"25","JASHEN Aspirador sin Cable, Aspiradora 2 en 1 Ultraligera Silenciosa con Varios Accesorios, LED Cabeza, 2 Velocidades, Batería Recargable -Azul","119,99 €","112 opiniones de clientes","2 Kg","18 x 18,5 x 70 cm","-1","130 vatios"
"26","Polti Forzaspira C110_Plus Aspirador cicónico sin Bolsa, 2 litros Capacidad depósito de Recogida, 800 W, 80 Decibelios, Rojo","61,99 €","336 opiniones de clientes","5,2 Kg","28 x 32 x 38 cm","2 litros","800 vatios"
"27","Einhell TH-VC 1820 S  -Aspirador seco - húmedo, inox, 180 mbar, 1250 W, 230 V, 80 dB (ref. 2342167)","44,95 €","95 opiniones de clientes","4,7 Kg","32,5 x 32 x 46 cm","-1","1250 vatios"
"28","Hosome Aspiradoras Hogar 160W 2 en 1 Aspiradora de Mano sin Cable 20Kpa Fuerte Succión y Eficiente Sistema de Filtración 2200mAh Batería para Pelos de Mascota Alfombra Piso y Autos",NA,"26 opiniones de clientes","2,5 Kg","23 x 12 x 105 cm","-1","160 vatios"
"29","Hoover Sprint EVO SE41 Aspirador trineo sin bolsa con filtro EPA, todas las superficies, 700W, nivel de ruido 80dBA, color gris",NA,"369 opiniones de clientes","4,1 Kg","26,5 x 27,5 x 38,5 cm","1.5 litros","700 vatios"
"30","Aspiradora de mano Sin Cable 9000PA/120W para coche en seco y húmedo, 68 dB, silenciosa, con sistema de filtro de dos niveles, aspirador con batería de litio de 2600 mAh, carga rápida",NA,"56 opiniones de clientes","1,18 Kg","-1","0.6 litros","120 vatios"
"31","Robot Aspirador de Alto Rendimiento, Especial Mascotas, Todo Tipo De Suelos, Autonomía Hasta 90 Min, Sensor De Obstaculos, Mando A Distancia Incluido, Tecnología Silenciosa 70 dB. H.Koenig_SWR28","179,90 €","35 opiniones de clientes","3,2 Kg","32 x 32 x 8,7 cm","0.4 litros","24 vatios"
"32","AmazonBasics - Aspiradora cilíndrica sin bolsa, 2,5  L, 700 W [clase energética A]","69,99 €","312 opiniones de clientes","6 Kg","45,3 x 33 x 27,4 cm","2.5 litros","700 vatios"
"33","NINNA Aspiradora de Mano Sin Cable,7500PA/120W Potente Aspirador con Luz LED,Filtro de Acero Inoxidable,2500mAh Batería de Litio Recargable,Bajo Nivel de Ruido,3 Boquillas para Hogar y Coche","40,99 €","43 opiniones de clientes","1,16 Kg","38 x 6 x 10 cm","-1","120 vatios"
"34","VicTsing Aspiradora de Mano, 6500PA 14.8V Aspirador Mano Sin Cable Potente, Aspiradoras en Uso Seco&Húmedo, 600ml Depósito, con 2 Filtro Lavable +3 Boquillas para Pelo,Liquido,Polvo, Hogar y Coche","38,86 €","36 opiniones de clientes","1,92 Kg","-1","0.6 litros","-1"
"35","Philips PowerPro Compact FC9332/09 - Aspirador con Sistema Ciclonico sin Bolsa, Deposito 1.5 L, Filtro Antialergias, Facil de Limpiar","91,43 €","63 opiniones de clientes","4,5 Kg","41 x 28,1 x 24,7 cm","1.5 litros","650 vatios"
"36","BEAUDENS Aspirador Escoba sin Cables, 9000Pa Aspirador Potente 2 Modos, 45 min Tiempo de Ejecución Batería Recargable 2200mAh, 500ml, Sin Bolsa Desmontable Ultraligera Eléctrica Doméstica","99,99 €","204 opiniones de clientes","-1","-1","-1","-1"
"37","Homtiky Aspiradora sin Cable, 17000Pa Poderosa Succión LG Bateria Recargable Aspirador sin Cable, LED Brush 2 Velocidades 30 min Aspiradora Escoba para el Hogar, Duro Suelo, Alfombra",NA,"32 opiniones de clientes","1,8 Kg","120 x 20 x 22 cm","-1","200 vatios"
"38","Holife Aspiradora de Mano, [Potente Sistema de Succión] Aspirador de Mano Sin Cable 3 en1, Aspiradoras en Seco y Húmedo 600ml de Capacidad, Tiempo Largo de Trabajo, Recargable para Casa, Coche,Negro","35,99 €","74 opiniones de clientes","1,32 Kg","-1","-1","70 vatios"
"39","AmazonBasics - Aspiradora cilíndrica sin bolsa, 2,5  L, 700 W [clase energética A]","69,99 €","312 opiniones de clientes","6 Kg","45,3 x 33 x 27,4 cm","2.5 litros","700 vatios"
"40","Rowenta Air Force 360 RH9057WO Aspiradora de mano sin cable, cabezal LED, batería Ion-litio 21.9 V, hasta 30 min, sin bolsa, accesorios para suelos, zonas altas, tapicerías, zonas estrechas","188,82 €","340 opiniones de clientes","2,8 Kg","114,5 x 26 x 25 cm","0.4 litros","-1"
"41","Hoover Sprint EVO SE61 Aspirador trineo sin bolsa con filtro EPA, ideal parquet y mascotas, 700W, nivel de ruido 80dBA, color azul","87,00 €","369 opiniones de clientes","4,1 Kg","26,5 x 27,5 x 38,5 cm","1.5 litros","700 vatios"
"42","MLITER Aspirador Escoba con Cable 2 en 1, Aspiradora Gran Succión 14KPa, Aspirador de Mano 12 Accesorios, Aspiradora Hogar Ligera Pelo Mascota, Depósito 800ml, Azul y Blanco","42,99 €","66 opiniones de clientes","2,38 Kg","23,8 x 20,2 x 104,8 cm","0.8 litros","400 vatios"
"43","Aspiradora de Mano sin Cable, 6500PA Succión Ciclónico Potente Portátil Aspirador con Filtro Lavable Batería Lones Litio 2200mAh Recargable Seco y Húmedo 600ml Depósito para Mascotas, Coche, la Casa","29,99 €","55 opiniones de clientes","699 g","39 x 14 x 13 cm","0.6 litros","120 vatios"
"44","Aspiradora de Mano Sin Cable,6500PA/120W potente Aspiradora de Succión Ciclónico,Filtro de acero inoxidable,Seco y Húmedo, 2600mAh Batería de litio recargable,68dB Bajo nivel de ruido con 3 Cepillos",NA,"118 opiniones de clientes","862 g","-1","0.5 litros","100 vatios"
"45","AmazonBasics - Aspiradora cilíndrica sin bolsa, 1,5L, 700 W [clase energética A]","59,99 €","116 opiniones de clientes","4,5 Kg","36,3 x 29,4 x 24,7 cm","1.5 litros","700 vatios"
"46","Aigostar Dino 30ICP - Aspirador ciclónico sin bolsa, 700 W de potencia, 2 tipos de cepillos incluídos, filtro HEPA, silencioso 76dB. Recogida automática de cable. Color rojo. [Clase A].",NA,"112 opiniones de clientes","5,1 Kg","49 x 28,5 x 27,5 cm","1.8 litros","700 vatios"
"47","oneday Aspiradoras de Mano con Cable Aspirador Vertical con Cable Succión 15 KPA, Filtro HEPA, Cable de 10M",NA,"32 opiniones de clientes","1,5 Kg","-1","-1","-1"
"48","Bosch Flexxo Serie 4 BBH32551 - Aspirador Escoba 2 en 1, sin Cable y de Mano, Autonomía de 55 Minutos, Batería de 25.2 V, Color Blanco","145,00 €","139 opiniones de clientes","3,1 Kg","26,5 x 18 x 115 cm","0.4 litros","-1"
"49","PUWEIKE Aspiradora sin Cable, Aspiradoras Verticales con Potente Succión, 9000 Pa, Diseño 2 en 1, Recargable para Pelos de Mascotas, Piso de Madera y Alfombras, 120W, P80(Azúl)",NA,"64 opiniones de clientes","-1","-1","-1","-1"
"50","Cecotec Aspirador Trineo Conga EcoExtreme 3000. Ultra Silencioso, Máxima Potencia, Mínimo Consumo, Capacidad de 3,5 l, Filtro HEPA, Ligero y Manejable",NA,"402 opiniones de clientes","4,5 Kg","41 x 27 x 31 cm","-1","700 vatios"
"51","AmazonBasics - Aspiradora cilíndrica sin bolsa, 2,5  L, 700 W [clase energética A]","69,99 €","312 opiniones de clientes","6 Kg","45,3 x 33 x 27,4 cm","2.5 litros","700 vatios"
"52","Robot Aspirador de Alto Rendimiento, Especial Mascotas, Todo Tipo De Suelos, Autonomía Hasta 90 Min, Sensor De Obstaculos, Mando A Distancia Incluido, Tecnología Silenciosa 70 dB. H.Koenig_SWR28","179,90 €","35 opiniones de clientes","3,2 Kg","32 x 32 x 8,7 cm","0.4 litros","24 vatios"
"53","Kärcher Aspiradores multiuso WD 2 (1.629-764.0)","55,99 €","102 opiniones de clientes","23 Kg","3,7 x 3,4 x 4,3 cm","12 litros","1000 vatios"
"54","NILFISK Buddy II 12 Aspirador de agua, con o sin bolsa, 1200 W, 12 litros, 74 Decibelios, Azul","54,91 €","77 opiniones de clientes","7,09 Kg","47 x 39 x 36 cm","12 litros","1200 vatios"
"55","Roidmi F8 Lite - Aspiradora sin cable, versión EU en Español, 415W, 80.000 RPM, batería hasta 40 mins., depósito 0.4L, color azul","199,90 €","168 opiniones de clientes","4,78 Kg","119,1 x 25,9 x 15,8 cm","0.4 litros","-1"
"56","Dreame V9 Pro Aspiradora Vertical 20000PA Succión Eficiente Sin Cable Aspira 2500mah Batería Escobas eléctricas [3 años de Garantia]","219,99 €","19 opiniones de clientes","1,5 Kg","122,6 x 25,8 x 21,1 cm","0.5 litros","400 vatios"
"57","Taurus NEW-948.129 Vitara 3000 New-Aspiradora con bolsa (diseño compacto, sistema Energy Eco, filtro lavable, capacidad 2 l), blanco, azul y negro, 700 W, 2 litros, 80 Decibelios, Acero Inoxidable","44,99 €","81 opiniones de clientes","4,1 Kg","-1","2 litros","700 vatios"
"58","Cecotec Aspirador Vertical Conga ThunderBrush 520. Aspirador Vertical 360º 2 en 1, Escoba y de Mano, Tecnología Ciclónica,  Filtro HEPA,  Radio de Acción de 6 Metros, Clase A+, Bajo Consumo, 600 W","39,90 €","245 opiniones de clientes","1,9 Kg","-1","0.5 litros","600 vatios"
"59","Aspiradora Mano, ONEDAY 6 en 1 Aspirador sin Cable sin Bolsa Seco Tecnología Ciclónica Recargable Vacío 40 min Max Técnica de Carga Rápida para Inicio / Coche / Pelo de Mascota etc. [Negro]",NA,"264 opiniones de clientes","1,35 Kg","-1","0.5 litros","80 vatios"
"60","AEG LX7-2-CR-A Aspiradora Trineo Sin Bolsa, Especial Mascotas, Co, 750 W, 72 Decibelios, Rojo","134,95 €","96 opiniones de clientes","7,59 Kg","-1","1.4 litros","600 vatios"
"61","Hoover Sprint EVO SE61 Aspirador trineo sin bolsa con filtro EPA, ideal parquet y mascotas, 700W, nivel de ruido 80dBA, color azul","87,00 €","369 opiniones de clientes","4,1 Kg","26,5 x 27,5 x 38,5 cm","1.5 litros","700 vatios"
"62","Dreame V9 Pro Aspiradora Vertical 20000PA Succión Eficiente Sin Cable Aspira 2500mah Batería Escobas eléctricas [3 años de Garantia]","219,99 €","19 opiniones de clientes","1,5 Kg","122,6 x 25,8 x 21,1 cm","0.5 litros","400 vatios"
"63","Kärcher Aspiradores multiuso WD 3 Premium (1.629-863.0)","76,00 €","170 opiniones de clientes","5,8 Kg","38,8 x 34 x 52,5 cm","17 litros","1000 vatios"
"64","AEG CX7-2-45AN Aspiradora Escoba Vertical Sin Cable y de Mano Esp, 18 W, 0.5 litros, 79 Decibelios, 2 Velocidades, Rojo","189,00 €","177 opiniones de clientes","2,4 Kg","26,5 x 14,5 x 114,5 cm","0.5 litros","18 vatios"
"65","Philips PowerPro Compact FC9331/09 - Aspirador con sistema Ciclonico sin Bolsa, Deposito 1.5 L, Filtro Antialergias, Facil de Limpiar","109,00 €","98 opiniones de clientes","6,1 Kg","28,1 x 41 x 24,7 cm","1.5 litros","650 vatios"
"66","Rowenta X-Trem Power RO6941EA - Aspirador sin bolsa, sistema ciclónico, depósito con capacidad 2.5 L , cepillo para parquet y ranuras, tubo telescópico para todas las zonas, nivel ruido 75 dB","119,00 €","49 opiniones de clientes","5,1 Kg","28 x 46 x 31 cm","2.5 litros","750 vatios"
"67","Aspirador Escoba sin Cable EYUGLE Aspiradora de Escoba sin Bolsa, 9000 Pa y 4500 Pa, Batería Recargable 2200mAh, Anti-ácaro Cepillo para Hogar, Coche","89,99 €","73 opiniones de clientes","2,2 Kg","104 x 24 x 21 cm","0.55 litros","120 vatios"
"68","10 Bolsas para aspiradora Festool Aspirador CT26 CTL26 CTM26 / CT CTL CTM 26 alternativa a la original SC-FIS-CT 26/5 de Microsafe","34,99 €",NA,"-1","-1","-1","-1"
"69","Kärcher Aspiradores multiuso WD 2 (1.629-764.0)","55,99 €","102 opiniones de clientes","23 Kg","3,7 x 3,4 x 4,3 cm","12 litros","1000 vatios"
"70","Robot Aspirador de Alto Rendimiento, Especial Mascotas, Todo Tipo De Suelos, Autonomía Hasta 90 Min, Sensor De Obstaculos, Mando A Distancia Incluido, Tecnología Silenciosa 70 dB. H.Koenig_SWR28","179,90 €","35 opiniones de clientes","3,2 Kg","32 x 32 x 8,7 cm","0.4 litros","24 vatios"
"71","AmazonBasics - Aspiradora cilíndrica sin bolsa, 2,5  L, 700 W [clase energética A]","69,99 €","312 opiniones de clientes","6 Kg","45,3 x 33 x 27,4 cm","2.5 litros","700 vatios"
"72","Kärcher DS 6 - Aspiradora con filtro de agua (lavadora a presión), 650 W, depósito de agua filtrada 2 l, filtro HEPA (1.195-220.0)","253,82 €","26 opiniones de clientes","9,5 Kg","28,9 x 34,5 x 53,5 cm","2 litros","650 vatios"
"73","Bosch BCH6ATH25K Athlet - Aspirador escoba + Kit de accesorios. 25.2 V, sin bolsa, autonomía hasta 60 minutos, depósito 0.9 l, color blanco","229,99 €","342 opiniones de clientes","3 Kg","24 x 18,5 x 74 cm","0.9 litros","2400 vatios"
"74","Dibea Aspiradora escoba sin Cable Aspiradoras de mano verticales 2 en 1, 9000pa Aspiración 2 Velocidades, 45 Min. Batería de ión-litio Recargable, Multiple Funciones Alfombra Suelo duro Coche, D18-Oro","139,00 €","119 opiniones de clientes","2,2 Kg","104 x 24 x 21,1 cm","-1","120 vatios"
"75","Roidmi F8 Storm - Aspiradora sin cable con App, versión EU en Español, 415W, 100.000 RPM, batería hasta 55 mins., depósito 0.4L, color blanco","299,00 €","168 opiniones de clientes","2,5 Kg","1.178 x 256 x 157 cm","0.4 litros","415 vatios"
"76","oneday Aspirador sin Cable Aspirador de Mano sin Cable Recargable de Doble Ciclo de Succión Aspiradoras Verticales Multifuncional 9 Accesorios para La Limpieza del Hogar/Coche",NA,"26 opiniones de clientes","2,27 Kg","-1","1 litros","-1"
"77","Rowenta Aspirador Escoba sin Cable Air Force 460 RH9252WO Aspirador Escoba, Batería Larga Duración Ion-litio 21,9 V 30 min de Autonomía, Pack 8 Boquillas y Pack Accesorios Especiales muy Versátiles","239,00 €","76 opiniones de clientes","3,6 Kg","75,5 x 15,2 x 41,5 cm","0.4 litros","-1"
"78","Aspiradora de Mano, Hikeren Aspirador Mano Sin Cable Potente, 5000PA, Aspiradoras en Seco y Húmedo, Batería de 2400mAh, Filtro de Acero Inoxidable, Accesorio Completo para Hogar y Coche","39,98 €","267 opiniones de clientes","939 g","-1","0.3 litros","100 vatios"
"79","Cecotec CONGA INMORTAL EXTREME 37 V H2O PLUS","112,43 €","138 opiniones de clientes","4,28 Kg","-1","0.8 litros","-1"
"80","Bissell 2228N SmartClean Pet Aspirador Trineo, sin Bolsa, reconocimiento autómatico del Tipo Suelo, Perfecto para pelos de Mascotas, 770W, 770 W, 80 Decibelios, Otro","329,99 €","25 opiniones de clientes","9,8 Kg","41,3 x 31,1 x 61,6 cm","-1","770 vatios"
"81","Hoover Sprint EVO SE61 Aspirador trineo sin bolsa con filtro EPA, ideal parquet y mascotas, 700W, nivel de ruido 80dBA, color azul","87,00 €","369 opiniones de clientes","4,1 Kg","26,5 x 27,5 x 38,5 cm","1.5 litros","700 vatios"
"82","MLITER Aspirador Escoba con Cable 2 en 1, Aspiradora Gran Succión 14KPa, Aspirador de Mano 12 Accesorios, Aspiradora Hogar Ligera Pelo Mascota, Depósito 800ml, Azul y Blanco","42,99 €","66 opiniones de clientes","2,38 Kg","23,8 x 20,2 x 104,8 cm","0.8 litros","400 vatios"
"83","Taurus Pulsar Turbo-948 800 Aspirador de Trineo sin bolsa con filtraje multiciclónico, Energy Eco System, Turbocyclone Sytem, 2 litros, Filtro HEPA, 800 W, 78 decibeles, Decibelios","67,32 €","259 opiniones de clientes","5,5 Kg","43 x 33 x 37 cm","2 litros","800 vatios"
"84","SONRU Aspiradora de Mano Sin Cable, 120W Potente Aspirador de Coche Portátil con 6000Pa, 2500mAh Carga Rapida Batería Recargable Aspirador de Seco y Húmedo para Casa, Coche, Oficina","35,99 €","58 opiniones de clientes","-1","-1","-1","-1"
"85","Karcher SE 4002 - Lava-aspiradora con cable, 1400 W y 4+4 litros de depósito de agua limpia / sucia","221,82 €","436 opiniones de clientes","8 Kg","44,1 x 38,6 x 48 cm","4 litros","1400 vatios"
"86","2pcs Kit de Recambios de Filtro HEPA para Rowenta/Tefal/Moulinex Compact Power Cyclonic Aspiradoras","19,99 €","18 opiniones de clientes","322 g","-1","-1","-1"
"87","Cecotec  Aspirador Escoba Vertical y de Mano Conga Rockstar 300 X-Treme. Motor Digital Brushless, Aspirador 3 en 1, 24 KPA, Hasta 65 min de Autonomía, Máxima Eficiencia, Tecnología Ciclónica, 430W",NA,"38 opiniones de clientes","4,12 Kg","-1","-1","430 vatios"
"88","Aspiradora de Coche, VOONEEN 7KPa Aspiradora para Automóvil Portátil de Gran Alcance, Aspiradora Inalámbrica Seca y Húmeda Recargable Succión Fuerte para el Hogar / Automóvil",NA,"32 opiniones de clientes","1,08 Kg","-1","-1","120 vatios"
"89","Aspiradora de Mano sin Cable, Aspirador de Coche, 6000PA con Fuerte Succión, Aspira en Húmedo y en Seco, 2 filtros lavables + 2 adaptadores de carga",NA,"171 opiniones de clientes","572 g","-1","-1","120 vatios"
"90","VicTsing, Aspiradora de Mano, 6500PA, Aspirador Mano Sin Cable de Tecnología Ciclónica, Aspirador Potente Sin Bolsa con Seco y Húmedo, 600ml Depósito,14.8V, Con 2 Filtro Lavable+3 Boquillas","41,99 €","506 opiniones de clientes","2 Kg","43,5 x 19 x 15,5 cm","0.6 litros","100 kW"
"91","AmazonBasics - Aspiradora cilíndrica sin bolsa, 2,5  L, 700 W [clase energética A]","69,99 €","312 opiniones de clientes","6 Kg","45,3 x 33 x 27,4 cm","2.5 litros","700 vatios"
"92","Robot Aspirador de Alto Rendimiento, Especial Mascotas, Todo Tipo De Suelos, Autonomía Hasta 90 Min, Sensor De Obstaculos, Mando A Distancia Incluido, Tecnología Silenciosa 70 dB. H.Koenig_SWR28","179,90 €","35 opiniones de clientes","3,2 Kg","32 x 32 x 8,7 cm","0.4 litros","24 vatios"
"93","Awinker Kit de Filtro de Espuma y Filtro HEPA para Aspiradoras Rowenta ZR005901 Compact Power Cyclonic RO3753EA, O3718EA, RO3724EA, RO3731EA, RO3753EA, RO3786EA, RO3798EA Tefal/Moulinex","18,49 €","17 opiniones de clientes","381 g","-1","-1","-1"
"94","Bolsas de Almacenaje al Vacío,Bolsas Vacio Ropa,Reutilizable Bolsas de Vacio Ahorro de Espacio Almacenaje al Vacío Para Guardar Ropa, Ropa de Cama, Edredones, Almohadas(8Pcs, Bomba de Mano Incluida)",NA,"56 opiniones de clientes","739 g","-1","-1","-1"
"95","Bosch BCH6ATH25K Athlet - Aspirador escoba + Kit de accesorios. 25.2 V, sin bolsa, autonomía hasta 60 minutos, depósito 0.9 l, color blanco","229,99 €","342 opiniones de clientes","3 Kg","24 x 18,5 x 74 cm","0.9 litros","2400 vatios"
"96","URAQT Aspiradora de Mano, 120W Aspirador Mano Sin Cable Potente, Carga rápida USB Aspiradoras en Seco y Húmedo, Batería de 2200mAh,Filtro Lavable, Accesorio Completo para Oficina Hogar y Coche","25,99 €","13 opiniones de clientes","748 g","-1","-1","120 vatios"
"97","TACKLIFE Aspirador de Cenizas, 800W, 18 L, Soplador 140W, 14 Kpa, 1.3M Tubo Flexible + 0.2M Tubo Aluminio, Cable 5M, Aspiradora para Chimeneas, Estufas y Quemadores de Madera, Recoger el Polvo-PVC03A",NA,"17 opiniones de clientes","4,4 Kg","-1","-1","800 vatios"
"98","Rowenta Compact Power Cyclonic RO3724EA Aspirador sin bolsa, formato compacto, accesorios para ranuras, eficiente en todo tipo de suelo, filtro ciclónico alta eficiencia, vaciado y limpieza fácil","99,99 €","6 opiniones de clientes","499 g","32 x 29 x 33,5 cm","1.5 litros","2000 vatios"
"99","Rowenta X-Trem Power RO6963EA - Aspirador 4A, ciclónico sin bolsa, depósito 2.5 L, boquilla ranuras XXL, cepillo tapicería, mini turbo brush, tubo telescópico, nivel de ruido 75 dB","149,00 €","157 opiniones de clientes","5,1 Kg","28 x 46 x 31 cm","2.5 litros","750 vatios"
"100","Dibea Aspiradora escoba sin Cable Aspiradoras de mano verticales 2 en 1, 9000pa Aspiración 2 Velocidades, 45 Min. Batería de ión-litio Recargable, Multiple Funciones Alfombra Suelo duro Coche, D18-Oro","139,00 €","119 opiniones de clientes","2,2 Kg","104 x 24 x 21,1 cm","-1","120 vatios"
"101","Hoover Sprint EVO SE61 Aspirador trineo sin bolsa con filtro EPA, ideal parquet y mascotas, 700W, nivel de ruido 80dBA, color azul","87,00 €","369 opiniones de clientes","4,1 Kg","26,5 x 27,5 x 38,5 cm","1.5 litros","700 vatios"
"102","Roidmi F8 Lite - Aspiradora sin cable, versión EU en Español, 415W, 80.000 RPM, batería hasta 40 mins., depósito 0.4L, color azul","199,90 €","168 opiniones de clientes","4,78 Kg","119,1 x 25,9 x 15,8 cm","0.4 litros","-1"
"103","AEG LX7-2-CR-A Aspiradora Trineo Sin Bolsa, Especial Mascotas, Co, 750 W, 72 Decibelios, Rojo","134,95 €","96 opiniones de clientes","7,59 Kg","-1","1.4 litros","600 vatios"
"104","Aspiradora de Mano sin Cable Iseebiz ,6000PA/120W Mini Aspirador de Seco y Húmedo,Aspiradora Portátil con Batería Recargable para Hogar y Coche con Filtro Lavable,4 Boquillas","29,99 €","82 opiniones de clientes","898 g","-1","-1","-1"
"105","Taurus Ultimate Lithium - Aspirador escoba (filtración HEPA, 22.2 V, deposito con 650 ml, filtraje Cyclone System)","128,00 €","699 opiniones de clientes","2 Kg","21,5 x 22,5 x 107 cm","0.65 litros","-1"
"106","Aspiradora de Mano sin Cable, 6500PA Succión Ciclónico Potente Portátil Aspirador con Filtro Lavable Batería Lones Litio 2200mAh Recargable Seco y Húmedo 600ml Depósito para Mascotas, Coche, la Casa","29,99 €","55 opiniones de clientes","699 g","39 x 14 x 13 cm","0.6 litros","120 vatios"
"107","Holife Aspiradora de Mano, [Potente Sistema de Succión] Aspirador de Mano Sin Cable 3 en1, Aspiradoras en Seco y Húmedo 600ml de Capacidad,Tiempo Largo de Trabajo, Recargable para Casa, Coche","35,98 €","2 opiniones de clientes","980 g","43,8 x 14,8 x 13,2 cm","-1","40 vatios"
"108","Taurus Powered Air - Aspirador Escoba 3 en 1, con Cable de 6 m, Filtro HEPA, 600 W, Blanco","52,00 €","27 opiniones de clientes","2,75 Kg","21,5 x 15 x 67 cm","-1","700 vatios"
"109","Ufesa FA0300 accesorio y suministro de vacío - Accesorio para aspiradora (AS3016 AS3018)","29,90 €","63 opiniones de clientes","18,1 g","-1","-1","-1"
"110","Robot Aspirador de Alto Rendimiento, Especial Mascotas, Todo Tipo De Suelos, Autonomía Hasta 90 Min, Sensor De Obstaculos, Mando A Distancia Incluido, Tecnología Silenciosa 70 dB. H.Koenig_SWR28","179,90 €","35 opiniones de clientes","3,2 Kg","32 x 32 x 8,7 cm","0.4 litros","24 vatios"
"111","AmazonBasics - Aspiradora cilíndrica sin bolsa, 2,5  L, 700 W [clase energética A]","69,99 €","312 opiniones de clientes","6 Kg","45,3 x 33 x 27,4 cm","2.5 litros","700 vatios"
"112","BUBM Accesorios para aspiradoras Independientes Dyson V6 V7 V8 V10 V11 DC58 DC59 DC62 DC74 Aspirador inalámbrico Soporte de Suelo- Sin perforar la Pared","63,89 €","14 opiniones de clientes","3,84 Kg","-1","-1","-1"
"113","Europart - Motor bypass para aspiradora (14,5 cm, 1000 W)","46,41 €","8 opiniones de clientes","998 g","-1","-1","1000 vatios"
"114","2pcs Kit de Recambios de Filtro HEPA para Rowenta/Tefal/Moulinex Compact Power Cyclonic Aspiradoras","19,99 €","18 opiniones de clientes","322 g","-1","-1","-1"
"115","VicTsing Aspirador de Mano, Aspiradora de Coche sin Cable, 14.8V 6500PA Succión, Recargable/Carga Rápida, 6500PA Succión Ciclónico, Uso Seco y Húmedo para Coche, Cocina,Oficina","36,99 €","168 opiniones de clientes","1,97 Kg","43,5 x 19 x 15,5 cm","0.6 litros","100 vatios"
"116","REFURBISHHOUSE Accesorios para aspiradoras universales Kit de Limpieza Boquilla Cepillo Herramienta de Hendidura para Manguera estandar 32mm&35mm 6pzs","5,52 €","21 opiniones de clientes","-1","-1","-1","-1"
"117","Hoover TE-75 - Aspiradora (700 W, A, 27 kWh, Aspiradora cilíndrica, Bolsa para el polvo, 3,5 L)","99,79 €","18 opiniones de clientes","4,2 Kg","30,3 x 44,3 x 24,2 cm","-1","700 vatios"
"118","TACKLIFE Aspirador Húmedo y Seco, Aspiradora doméstica, Aspiradora Multifuncional, HEPA Filtro, Manguera de 2 m, Limpio de casa, 18.9 L, 1000 V, PVC01A [Clase de eficiencia energética A+]",NA,"3 opiniones de clientes","6,5 Kg","-1","18.90 litros","1000 vatios"
"119","Electrolux E200M - Pack de 15 bolsas para aspiradoras","29,99 €","14 opiniones de clientes","599 g","12 x 16 x 24 cm","-1","-1"
"120","Bissell 2228N SmartClean Pet Aspirador Trineo, sin Bolsa, reconocimiento autómatico del Tipo Suelo, Perfecto para pelos de Mascotas, 770W, 770 W, 80 Decibelios, Otro","329,99 €","25 opiniones de clientes","9,8 Kg","41,3 x 31,1 x 61,6 cm","-1","770 vatios"
"121","Hoover Sprint EVO SE61 Aspirador trineo sin bolsa con filtro EPA, ideal parquet y mascotas, 700W, nivel de ruido 80dBA, color azul","87,00 €","369 opiniones de clientes","4,1 Kg","26,5 x 27,5 x 38,5 cm","1.5 litros","700 vatios"
"122","AEG VX6-2-IS-P Aspirador Trineo, ABAA, 800 W, 77 dB, 9m de radio de acción, múltiples cepillos","94,99 €","46 opiniones de clientes","4,2 Kg","44,5 x 31 x 39,5 cm","-1","800 vatios"
"123","Aspiradora de Mano, HIKEREN Aspirador de Mano Sin Cable, 7000PA, Aspiradora de Mano Sin Cable Potente, Batería de 2600mAh, Luz LED, Filtro de Acero Inoxidable, 3 Boquillas para Hogar y Coche","48,98 €",NA,"1,28 Kg","-1","-1","-1"
"124","Dreame V9 Pro Aspiradora Vertical 20000PA Succión Eficiente Sin Cable Aspira 2500mah Batería Escobas eléctricas [3 años de Garantia]","219,99 €","19 opiniones de clientes","1,5 Kg","122,6 x 25,8 x 21,1 cm","0.5 litros","400 vatios"
"125","URAQT Aspiradora de Mano, 120W Aspirador Mano Sin Cable Potente, Carga rápida USB Aspiradoras en Seco y Húmedo, Batería de 2200mAh,Filtro Lavable, Accesorio Completo para Oficina Hogar y Coche","25,99 €","13 opiniones de clientes","748 g","-1","-1","120 vatios"
"126","VicTsing Aspirador de Mano, Aspiradora de Coche sin Cable, 14.8V 6500PA Succión, Recargable/Carga Rápida, 6500PA Succión Ciclónico, Uso Seco y Húmedo para Coche, Cocina,Oficina","36,99 €","168 opiniones de clientes","1,97 Kg","43,5 x 19 x 15,5 cm","0.6 litros","100 vatios"
"127","Rowenta Compact Power Cyclonic RO3724EA Aspirador sin bolsa, formato compacto, accesorios para ranuras, eficiente en todo tipo de suelo, filtro ciclónico alta eficiencia, vaciado y limpieza fácil","99,99 €","6 opiniones de clientes","499 g","32 x 29 x 33,5 cm","1.5 litros","2000 vatios"
"128","ERAY Aspiradora de Mano sin Cable, 6000PA, Filtro de Acero Inoxidable, LED Luz, Seco y Húmedo, Batería de 2500mAh, Ligera y Portátil, 3 Boquillas, Tecnología Ciclónica, Ideal para Casa y Coche","39,99 €","8 opiniones de clientes","1,1 Kg","-1","0.6 litros","120 vatios"
"129","Rowenta X-Trem Power RO6941EA - Aspirador sin bolsa, sistema ciclónico, depósito con capacidad 2.5 L , cepillo para parquet y ranuras, tubo telescópico para todas las zonas, nivel ruido 75 dB","119,00 €","49 opiniones de clientes","5,1 Kg","28 x 46 x 31 cm","2.5 litros","750 vatios"
"130","Robot Aspirador de Alto Rendimiento, Especial Mascotas, Todo Tipo De Suelos, Autonomía Hasta 90 Min, Sensor De Obstaculos, Mando A Distancia Incluido, Tecnología Silenciosa 70 dB. H.Koenig_SWR28","179,90 €","35 opiniones de clientes","3,2 Kg","32 x 32 x 8,7 cm","0.4 litros","24 vatios"
"131","AmazonBasics - Aspiradora cilíndrica sin bolsa, 2,5  L, 700 W [clase energética A]","69,99 €","312 opiniones de clientes","6 Kg","45,3 x 33 x 27,4 cm","2.5 litros","700 vatios"
"132","LTPAG Aspirador de Mano Sin Cable, 120W 12V Aspirador Alta Potencia Recargable para Coche, 5000PA Aspiradora Mojado e Seco Potente, Aspirador Portátil sin Bolsa, Bajo Ruido -Garantía de 2 años",NA,"65 opiniones de clientes","-1","-1","-1","-1"
"133","Taurus Powered Air - Aspirador Escoba 3 en 1, con Cable de 6 m, Filtro HEPA, 600 W, Blanco","52,00 €","27 opiniones de clientes","2,75 Kg","21,5 x 15 x 67 cm","-1","700 vatios"
"134","Rowenta X-Trem Power Cyclonic RO7244EA Aspirador sin bolsa,sistema ciclónico de filtrado, apto para todo tipo de suelos, diseño compacto y depósito de 2,5 L y accesorios para coche, fácil vaciado","165,00 €","22 opiniones de clientes","-1","-1","-1","-1"
"135","AEG CX7-2-45AN Aspiradora Escoba Vertical Sin Cable y de Mano Esp, 18 W, 0.5 litros, 79 Decibelios, 2 Velocidades, Rojo","189,00 €","177 opiniones de clientes","2,4 Kg","26,5 x 14,5 x 114,5 cm","0.5 litros","18 vatios"
"136","Taurus Unlimited 25.6 Lithium - Aspirador escoba 3 en 1","95,99 €","651 opiniones de clientes","3,5 Kg","64,1 x 24 x 16,8 cm","0.6 litros","25.6 vatios"
"137","Solac AE2529 Turbobat Lithium 29V Escoba de Aspirar Potente de Gran Autonomía, Rojo y Gris","104,90 €","59 opiniones de clientes","4 Kg","-1","-1","-1"
"138","Ecovacs Deebot N79S - Robot Aspirador navegación aleatoria, control por App y Alexa, Wifi, 4 modos de limpieza, 2 niveles de succión, suelos duros y alfombras, detecta obstáculos y desniveles, negro",NA,"652 opiniones de clientes","3,2 Kg","83,8 x 83,8 x 19,8 cm","-1","25 vatios"
"139","Cecotec Aspirador Trineo Conga Turbociclonic. Aspirador Turboiclónico, Eficiencia Energética A, 3L, Filtrado Profesional HEPA, 4 Accesorios","54,90 €","295 opiniones de clientes","4,8 Kg","37 x 31,4 x 27,8 cm","3 litros","800 vatios"
"140","Bissell 2228N SmartClean Pet Aspirador Trineo, sin Bolsa, reconocimiento autómatico del Tipo Suelo, Perfecto para pelos de Mascotas, 770W, 770 W, 80 Decibelios, Otro","329,99 €","25 opiniones de clientes","9,8 Kg","41,3 x 31,1 x 61,6 cm","-1","770 vatios"
"141","Hoover Sprint EVO SE61 Aspirador trineo sin bolsa con filtro EPA, ideal parquet y mascotas, 700W, nivel de ruido 80dBA, color azul","87,00 €","369 opiniones de clientes","4,1 Kg","26,5 x 27,5 x 38,5 cm","1.5 litros","700 vatios"
"142","MLITER Aspirador Escoba con Cable 2 en 1, Aspiradora Gran Succión 14KPa, Aspirador de Mano 12 Accesorios, Aspiradora Hogar Ligera Pelo Mascota, Depósito 800ml, Azul y Blanco","42,99 €","66 opiniones de clientes","2,38 Kg","23,8 x 20,2 x 104,8 cm","0.8 litros","400 vatios"
"143","massway Aspiradora de Mano Sin Cable, Aspirador de Coche Potente 6500PA, Portátil Aspiradora Seco y Húmedo con Tecnología Ciclónica, 120W Batería 30 Minutos de Trabajo, Filtro Lavable, 3 Boquillas","32,99 €","45 opiniones de clientes","798 g","37,5 x 12 x 13 cm","0.6 litros","120 vatios"
"144","briebe Cyclon Aspiradora ciclónica sin Bolsa Potente, Filtro HEPA, Tubo telescópico Metal, Cepillo Mixto y rinconera,eficiencia energética A, 700 W, Color Rojo","49,99 €","25 opiniones de clientes","4,5 Kg","-1","-1","1000 vatios"
"145","EMOCCI Aspiradora de Mano Sin Cable 5500PA 100W 8.4V Batería de 2400mAh Super Mudo",NA,"15 opiniones de clientes","680 g","-1","0.5 litros","100 vatios"
"146","SADDPA Aspiradora de Mano, Aspirador de Coche portátil inalámbrico 3500pa seco y húmedo Carga USB (12V)","39,02 €",NA,"998 g","-1","-1","120 vatios"
"147","Rowenta X-pert 160 RH7221WO Aspiradora de mano sin cable, cabezal alta succión con LED y cepillo motorizado, batería Ion-litio 22 V larga duración, hasta 45 min, sin bolsa, para suelos, zonas altas","149,00 €","16 opiniones de clientes","2,5 Kg","33,6 x 12,6 x 67 cm","0.5 litros","-1"
"148","Aspiradora de Mano sin cable Iseebiz ,Aspirador de Seco y Húmedo,Aspiradora Portátil 8500PA Aspiradora potente con Filtro de Acero Inoxidable, Luz LED","39,99 €","3 opiniones de clientes","1,4 Kg","-1","-1","120 vatios"
"149","Klarstein TurboHybrid - Aspiradora por ciclón sin Bolsa , para Suelos y de Mano , con batería , Luces LED , 2 Niveles de Potencia , Ocupa Poco Espacio , Boquillas , Estación de Carga , Metálico-Rojo",NA,"1 opinión de cliente","4,62 Kg","-1","-1","-1"
"150","AEG HX6-35TM Aspiradora de Mano, con Baterías Li-Ion, 0.5 litros, 78 Decibelios, 2 Velocidades, Sólidos","99,48 €","79 opiniones de clientes","1,18 Kg","-1","0.5 litros","-1"
"151","AmazonBasics - Aspiradora cilíndrica sin bolsa, 2,5  L, 700 W [clase energética A]","69,99 €","312 opiniones de clientes","6 Kg","45,3 x 33 x 27,4 cm","2.5 litros","700 vatios"
"152","Robot Aspirador de Alto Rendimiento, Especial Mascotas, Todo Tipo De Suelos, Autonomía Hasta 90 Min, Sensor De Obstaculos, Mando A Distancia Incluido, Tecnología Silenciosa 70 dB. H.Koenig_SWR28","179,90 €","35 opiniones de clientes","3,2 Kg","32 x 32 x 8,7 cm","0.4 litros","24 vatios"
"153","Rowenta X-Trem Power Cyclonic RO7244EA Aspirador sin bolsa,sistema ciclónico de filtrado, apto para todo tipo de suelos, diseño compacto y depósito de 2,5 L y accesorios para coche, fácil vaciado","165,00 €","22 opiniones de clientes","-1","-1","-1","-1"
"154","Hoover Breeze BR30PET - Aspirador trineo sin bolsa con filtro EPA, con accesorio especial para parquet y mascotas, filtros epa, 550 W, depósito 2L, color gris","69,00 €","25 opiniones de clientes","4,1 Kg","41,2 x 28,7 x 27 cm","2 litros","550 vatios"
"155","Kärcher DS 6 - Aspiradora con filtro de agua (lavadora a presión), 650 W, depósito de agua filtrada 2 l, filtro HEPA (1.195-220.0)","253,82 €","26 opiniones de clientes","9,5 Kg","28,9 x 34,5 x 53,5 cm","2 litros","650 vatios"
"156","TACKLIFE Aspirador Seco-Húmedo, 1000W Aspiradora Hogar, HEPA y Múltiples Sistemas de Filtración, 18.9L, Tecnología de Boya Segura, 4 Ruedas Giratorias de 360 °,Accesorios ricos, Bolsa para Aspiradora",NA,"12 opiniones de clientes","-1","-1","18.9 litros","1000 vatios"
"157","CleanMaxx 01375 Power Plus - Aspiradora de mano 800W, 2 en 1, con la función de ventilador adicional, color rojo","39,99 €","269 opiniones de clientes","-1","-1","-1","-1"
"158","Conga Easy - Aspiradora vertical ciclónica 2 en 1, clase energética A, de alta eficiencia, doble función, aspirador ciclónico, escoba eléctrica para ahorrar espacio, multifunción, con filtro sin bolsa","40,95 €","1 opinión de cliente","2,2 Kg","-1","-1","-1"
"159","ECO-DE Aspirador de solidos y liquidos Blower Wet & Dry 1400 W, 15 litros, Filtro HEPA Lavable y Filtro de Agua. Funcion sopladora y regulador de Potencia.","67,50 €","24 opiniones de clientes","9 Kg","37 x 37 x 45 cm","15 litros","1400 vatios"
"160","Aigostar Ray 33IXV - Aspirador vertical ciclónico inalámbrico 2 en 1. Batería recargable 2200mAh, sistema ciclónico, capacidad 0.4L, 2 cepillos incluídos. Nivel sonoro 82dB. Diseño exclusivo.",NA,"34 opiniones de clientes","3,72 Kg","-1","0.4 litros","85 vatios"
"161","Hoover Sprint EVO SE61 Aspirador trineo sin bolsa con filtro EPA, ideal parquet y mascotas, 700W, nivel de ruido 80dBA, color azul","87,00 €","369 opiniones de clientes","4,1 Kg","26,5 x 27,5 x 38,5 cm","1.5 litros","700 vatios"
"162","Klarstein TurboHybrid - Aspiradora por ciclón sin Bolsa , para Suelos y de Mano , con batería , Luces LED , 2 Niveles de Potencia , Ocupa Poco Espacio , Boquillas , Estación de Carga , Metálico-Rojo",NA,"1 opinión de cliente","4,62 Kg","-1","-1","-1"
"163","Hoover Breeze BR30PET - Aspirador trineo sin bolsa con filtro EPA, con accesorio especial para parquet y mascotas, filtros epa, 550 W, depósito 2L, color gris","69,00 €","25 opiniones de clientes","4,1 Kg","41,2 x 28,7 x 27 cm","2 litros","550 vatios"
"164","CleanMaxx 01375 Power Plus - Aspiradora de mano 800W, 2 en 1, con la función de ventilador adicional, color rojo","39,99 €","269 opiniones de clientes","-1","-1","-1","-1"
"165","Conga Easy - Aspiradora vertical ciclónica 2 en 1, clase energética A, de alta eficiencia, doble función, aspirador ciclónico, escoba eléctrica para ahorrar espacio, multifunción, con filtro sin bolsa","40,95 €","1 opinión de cliente","2,2 Kg","-1","-1","-1"
"166","Aigostar Ray 33IXV - Aspirador vertical ciclónico inalámbrico 2 en 1. Batería recargable 2200mAh, sistema ciclónico, capacidad 0.4L, 2 cepillos incluídos. Nivel sonoro 82dB. Diseño exclusivo.",NA,"34 opiniones de clientes","3,72 Kg","-1","0.4 litros","85 vatios"
"167","PexFix Aspiradora Portátil para Camas y colchones, UV Aspiradora contra Ácaros para los Que Sufren de Alergias y Dueños de Mascotas",NA,"7 opiniones de clientes","1,2 Kg","-1","-1","300 vatios"
"168","Karcher SE 4002 - Lava-aspiradora con cable, 1400 W y 4+4 litros de depósito de agua limpia / sucia","221,82 €","436 opiniones de clientes","8 Kg","44,1 x 38,6 x 48 cm","4 litros","1400 vatios"
"169","SUAOKI 2 en 1 Aspirador Inalámbrico, escoba y portátil de mano, 2150mAh de batería recargable, base de carga para el hogar del automóvil",NA,"33 opiniones de clientes","4,5 Kg","20,4 x 28,7 x 60 cm","0.5 litros","100 vatios"
"170","Robot Aspirador de Alto Rendimiento, Especial Mascotas, Todo Tipo De Suelos, Autonomía Hasta 90 Min, Sensor De Obstaculos, Mando A Distancia Incluido, Tecnología Silenciosa 70 dB. H.Koenig_SWR28","179,90 €","35 opiniones de clientes","3,2 Kg","32 x 32 x 8,7 cm","0.4 litros","24 vatios"
"171","Bissell 2228N SmartClean Pet Aspirador Trineo, sin Bolsa, reconocimiento autómatico del Tipo Suelo, Perfecto para pelos de Mascotas, 770W, 770 W, 80 Decibelios, Otro","329,99 €","25 opiniones de clientes","9,8 Kg","41,3 x 31,1 x 61,6 cm","-1","770 vatios"
"172","Hoover Lander LA30 - Aspirador trineo sin bolsa con filtro EPA, con accesorios especiales para parquet y mascotas, tecnología ciclónica, 700 W, color negro y rojo","79,00 €","33 opiniones de clientes","5,2 Kg","39 x 28,4 x 26,8 cm","1.2 litros","700 vatios"
"173","Casdon - Aspiradora juguete Henry (580)",NA,"3 opiniones de clientes","1,34 Kg","53,3 x 53,3 x 55,9 cm","-1","1200 vatios"
"174","Vistefly Aspiradora Sin Cable V8, 4 en 1 Aspiradora escoba de Mano y de Palillo con Potente Succión 9000Pa 160W, Recargable Aspirador para Pelos de Mascotas,superligero para la limpieza del hogar Rojo","112,49 €","44 opiniones de clientes","1,5 Kg","71 x 26,6 x 13 cm","0.55 litros","160 vatios"
"175","VonHaus Aspiradora escoba y de mano de 600W sin bolsa – 2 en 1 vertical y manual con diseño ligero, filtro HEPA, boquilla y cepillo","34,99 €","4 opiniones de clientes","2,5 Kg","26 x 15,5 x 110,5 cm","0.7 litros","600 vatios"
"176","Hoover TE-75 - Aspiradora (700 W, A, 27 kWh, Aspiradora cilíndrica, Bolsa para el polvo, 3,5 L)","99,79 €","18 opiniones de clientes","4,2 Kg","30,3 x 44,3 x 24,2 cm","-1","700 vatios"
"177","REFURBISHHOUSE 2.5M 32mm Tubo de Manguera de EVA Flexible Extra Larga para aspiradora domestica","8,00 €","9 opiniones de clientes","-1","-1","-1","-1"
"178","Novohogar Aspirador Hogar Trineo Samba Multiciclónico, Sin Bolsa. Depósito 2L. Filtro Multi System de Última Generación. Potente. Ligero y Compacto. Silencioso 80 dB(A). Fácil de Limpiar","44,95 €","10 opiniones de clientes","4,23 Kg","37 x 26,5 x 27 cm","2 litros","700 vatios"
"179","Orbegozo AP 4200 - Aspiradora escoba y de mano sin cable, ciclónico con filtro HEPA, 29.6 V, modo ECO y turbo, cepillo motorizado rotativo","95,01 €",NA,"4,09 Kg","-1","-1","-1"
"180","MooSoo X8 - Aspiradora inalámbrica 2 en 1, con mango y batería, 15000 Pa, gran capacidad de 1,3 l de potencia de aspiración","159,00 €","2 opiniones de clientes","1,5 Kg","71 x 32 x 16 cm","1.3 litros","150 vatios"
"181","Hoover Sprint EVO SE61 Aspirador trineo sin bolsa con filtro EPA, ideal parquet y mascotas, 700W, nivel de ruido 80dBA, color azul","87,00 €","369 opiniones de clientes","4,1 Kg","26,5 x 27,5 x 38,5 cm","1.5 litros","700 vatios"
"182","MLITER Aspirador Escoba con Cable 2 en 1, Aspiradora Gran Succión 14KPa, Aspirador de Mano 12 Accesorios, Aspiradora Hogar Ligera Pelo Mascota, Depósito 800ml, Azul y Blanco","42,99 €","66 opiniones de clientes","2,38 Kg","23,8 x 20,2 x 104,8 cm","0.8 litros","400 vatios"
"183","BLACK+DECKER NVC115JL-QW - Aspirador de mano sin cable 3.6V (1.5Ah) Dustbuster con acción ciclónica",NA,"58 opiniones de clientes","744 g","39,5 x 10,7 x 10,2 cm","-1","5.4 watt_hours"
"184","Tubo flexible cepillo aspirador Rowenta Air Force","8,95 €","320 opiniones de clientes","9,07 g","-1","-1","-1"
"185","Aspirador Mano,Iseebiz Aspirador de Mano de 6000PA/120W,Aspiradora de Mano sin Cable Potente con Batería Recargable para Hogar y Coche con 1 Bolsa y 4 Boquillas Diferentes,Filtro Lavable","29,99 €","138 opiniones de clientes","748 g","35 x 10 x 13 cm","-1","120 vatios"
"186","Aspiradora de Mano sin Cable, Aspirador de Coche, 6000PA con Fuerte Succión, Aspira en Húmedo y en Seco, 2 filtros lavables + 2 adaptadores de carga",NA,"171 opiniones de clientes","572 g","-1","-1","120 vatios"
"187","Bolsas Aspirador Ufesa para Modelos: AC4100, AC4200, AC4818, AC3000, AC3010","16,90 €","6 opiniones de clientes","381 g","-1","-1","-1"
"188","Aspiradora de Coche, VOONEEN 7KPa Aspiradora para Automóvil Portátil de Gran Alcance, Aspiradora Inalámbrica Seca y Húmeda Recargable Succión Fuerte para el Hogar / Automóvil",NA,"32 opiniones de clientes","1,08 Kg","-1","-1","120 vatios"
"189","Filtro lavable Pre motor y kit de filtros HEPA alérgicos Post Motor Para aspiradoras Dyson DC05 DC08","10,99 €","71 opiniones de clientes","141 g","21 x 7 x 18 cm","-1","-1"
"190","Kärcher Aspiradores multiuso WD 3 Premium (1.629-863.0)","76,00 €","170 opiniones de clientes","5,8 Kg","38,8 x 34 x 52,5 cm","17 litros","1000 vatios"
"191","AmazonBasics - Aspiradora cilíndrica sin bolsa, 2,5  L, 700 W [clase energética A]","69,99 €","312 opiniones de clientes","6 Kg","45,3 x 33 x 27,4 cm","2.5 litros","700 vatios"
"192","Robot Aspirador de Alto Rendimiento, Especial Mascotas, Todo Tipo De Suelos, Autonomía Hasta 90 Min, Sensor De Obstaculos, Mando A Distancia Incluido, Tecnología Silenciosa 70 dB. H.Koenig_SWR28","179,90 €","35 opiniones de clientes","3,2 Kg","32 x 32 x 8,7 cm","0.4 litros","24 vatios"
"193","Green Label Kit de Filtro de Espuma y Filtro HEPA para las Aspiradoras Rowenta, Tefal, Moulinex Compact Power Cyclonic Series. Reemplaza a ZR005901","14,83 €","83 opiniones de clientes","322 g","-1","-1","-1"
"194","DREHFLEX Cabezal de Cepillo aspiradora, Compatible con Tubos de diámetro de 32 a 35 mm, con cerdas Naturales","9,93 €","9 opiniones de clientes","59 g","-1","-1","-1"
"195","Nilfisk 18451124 Buddy II 18 - Aspirador de agua polvo de 18 litros para usos domésticos, potencia máxima 1200 W, Azul, 36 x 33 x 53 cm","60,82 €","23 opiniones de clientes","4,7 Kg","33 x 36 x 53 cm","18 litros","1200 vatios"
"196","Menalux 4600 – Bolsas para aspiradores Fagor VCE140 y VCE145, Solac 898, 901, 903 y A401, Clatronic, Bomann","7,99 €","9 opiniones de clientes","99,8 g","-1","-1","-1"
"197","Wiivilik 10PCS Aspirador de Parte de reemplazo del Filtro Kit de Limpieza de Accesorios para el iRobot 600 Series","9,49 €",NA,"-1","-1","-1","-1"
"198","Kärcher Kit de pinceles aspiradores (2.863-221.0)","21,07 €","1 opinión de cliente","9,07 g","15 x 7 x 3 cm","-1","-1"
"199","Menalux 3201 Bolsas para aspiradores Nilfisk","9,99 €","69 opiniones de clientes","99,8 g","-1","-1","-1"
"200","3 Cepillos laterales para Aspiradora iRobot Roomba 500, 600 y 700 de Hannets® no. 5.0.0.3.","6,40 €","11 opiniones de clientes","18,1 g","-1","-1","-1"
